{
  "lang": "de", 
  "pipeline": [
    "tagger", 
    "parser"
  ], 
  "accuracy": {
    "token_acc": 99.7858224939, 
    "ents_p": 0.0, 
    "ents_r": 0.0, 
    "uas": 91.7190550059, 
    "tags_acc": 97.1693923402, 
    "ents_f": 0.0, 
    "las": 89.4998181562
  }, 
  "name": "dep_news_sm", 
  "license": "CC BY-SA 3.0", 
  "author": "Explosion AI", 
  "url": "https://explosion.ai", 
  "checksum": "8fb7359a772689d25b0ca397790b3bbf334bf6e036a9fc7a97d8b12afadf5207", 
  "size": "24 MB", 
  "sources": [
    "TIGER Corpus"
  ], 
  "version": "2.0.0a2", 
  "spacy_version": ">=2.0.0a17", 
  "parent_package": "spacy-nightly", 
  "speed": {
    "gpu": 5864.2292742685, 
    "nwords": 76622, 
    "cpu": 4605.9268189752
  }, 
  "email": "contact@explosion.ai", 
  "description": "German multi-task CNN trained on the TIGER Corpus. Assigns context-specific token vectors, POS tags and dependency parse."
}