{
  "lang": "de", 
  "pipeline": [
    "tagger", 
    "parser"
  ], 
  "accuracy": {
    "token_acc": 99.8719054715, 
    "ents_p": 0.0, 
    "ents_r": 0.0, 
    "uas": 47.4591210942, 
    "tags_acc": 72.8159778463, 
    "ents_f": 0.0, 
    "las": 39.6770024875
  }, 
  "name": "dep_news_sm", 
  "license": "CC BY-SA 3.0", 
  "author": "Explosion AI", 
  "url": "https://explosion.ai", 
  "checksum": "53ddd22598f67a8e0e0fe98693d7add063b5fc1b9ce710a8a2200b4387111751", 
  "size": "21 MB", 
  "sources": [
    "TIGER Corpus"
  ], 
  "version": "2.0.0a0", 
  "spacy_version": ">=2.0.0a17", 
  "parent_package": "spacy-nightly", 
  "email": "contact@explosion.ai", 
  "description": "German multi-task CNN trained on the TIGER Corpus. Assigns context-specific token vectors, POS tags and dependency parse."
}