{
  "lang": "en", 
  "pipeline": [
    "tagger", 
    "parser", 
    "ner"
  ], 
  "accuracy": {
    "token_acc": 99.8890484271, 
    "ents_p": 85.540697997, 
    "ents_r": 86.1621863298, 
    "uas": 91.8900594047, 
    "tags_acc": 97.2044842264, 
    "ents_f": 85.8503174073, 
    "las": 90.0726533777
  }, 
  "name": "core_web_lg", 
  "license": "CC BY-SA 3.0", 
  "author": "Explosion AI", 
  "url": "https://explosion.ai", 
  "checksum": "4df86461cac9e0607b4649c172160505c9e4392be21fe5d94cd05e2453f97632", 
  "vectors": {
    "keys": 684830, 
    "width": 300, 
    "vectors": 684831
  }, 
  "sources": [
    "OntoNotes 5", 
    "Common Crawl"
  ], 
  "version": "2.0.0a3", 
  "size": "812 MB", 
  "spacy_version": ">=2.0.0a18", 
  "parent_package": "spacy-nightly", 
  "speed": {
    "gpu": null, 
    "nwords": 291344, 
    "cpu": 5023.1042787614
  }, 
  "email": "contact@explosion.ai", 
  "description": "English multi-task CNN trained on OntoNotes, with GloVe vectors trained on Common Crawl. Assigns word vectors, context-specific token vectors, POS tags, dependency parse and named entities."
}