{
  "lang": "en", 
  "pipeline": [
    "tagger", 
    "parser", 
    "ner"
  ], 
  "accuracy": {
    "token_acc": 99.8900778043, 
    "ents_p": 84.8606896552, 
    "ents_r": 85.9609903314, 
    "uas": 91.7751852804, 
    "tags_acc": 97.0478900132, 
    "ents_f": 85.4072963518, 
    "las": 89.871725933
  }, 
  "name": "core_web_sm", 
  "license": "CC BY-SA 3.0", 
  "author": "Explosion AI", 
  "url": "https://explosion.ai", 
  "checksum": "ff22259268f1dff25a5c5257ce9f0c3605b753fe3645744513addb42137b5f25", 
  "size": "35 MB", 
  "sources": [
    "OntoNotes 5", 
    "Common Crawl"
  ], 
  "version": "2.0.0a0", 
  "spacy_version": ">=2.0.0a17", 
  "parent_package": "spacy-nightly", 
  "email": "contact@explosion.ai", 
  "description": "English multi-task CNN trained on OntoNotes, with GloVe vectors trained on Common Crawl. Assigns word vectors, context-specific token vectors, POS tags, dependency parse and named entities."
}