{
  "lang": "es", 
  "pipeline": [
    "tagger", 
    "parser", 
    "ner"
  ], 
  "name": "core_web_sm", 
  "license": "CC BY-SA 3.0", 
  "author": "Explosion AI", 
  "url": "https://explosion.ai", 
  "checksum": "cbe5e24b532cf1daa93b03844d612518d9628e808d03dc4dadf063df7033d3d8", 
  "notes": "The NER accuracy refers to the \"silver standard\" annotations in the WikiNER corpus. Accuracy on these annotations tends to be higher than correct human annotations.", 
  "description": "Spanish multi-task CNN trained on the AnCora and WikiNER corpus. Assigns context-specific token vectors, POS tags, dependency parse and named entities.", 
  "sources": [
    "AnCora", 
    "WikiNER"
  ], 
  "version": "2.0.0a1", 
  "size": "34 MB", 
  "spacy_version": ">=2.0.0a17", 
  "parent_package": "spacy-nightly", 
  "email": "contact@explosion.ai", 
  "accuracy": {
    "token_acc": 100.0, 
    "ents_p": 88.7378561515, 
    "ents_r": 88.4886229495, 
    "uas": 89.5686189286, 
    "tags_acc": 96.7582764358, 
    "ents_f": 88.6130643025, 
    "las": 86.3761816799
  }
}